level	page_num	block_num	par_num	line_num	word_num	left	top	width	height	conf	text
1	1	0	0	0	0	0	0	1198	677	-1	
2	1	1	0	0	0	99	46	12	12	-1	
3	1	1	1	0	0	99	46	12	12	-1	
4	1	1	1	1	0	99	46	12	12	-1	
5	1	1	1	1	1	99	46	12	12	95.000000	 
2	1	2	0	0	0	136	84	15	10	-1	
3	1	2	1	0	0	136	84	15	10	-1	
4	1	2	1	1	0	136	84	15	10	-1	
5	1	2	1	1	1	136	84	15	10	95.000000	 
2	1	3	0	0	0	85	169	955	3	-1	
3	1	3	1	0	0	85	169	955	3	-1	
4	1	3	1	1	0	85	169	955	3	-1	
5	1	3	1	1	1	85	169	955	3	95.000000	 
2	1	4	0	0	0	11	169	23	21	-1	
3	1	4	1	0	0	11	169	23	21	-1	
4	1	4	1	1	0	11	169	23	21	-1	
5	1	4	1	1	1	11	169	23	21	95.000000	 
2	1	5	0	0	0	81	174	1	434	-1	
3	1	5	1	0	0	81	174	1	434	-1	
4	1	5	1	1	0	81	174	1	434	-1	
5	1	5	1	1	1	81	174	1	434	95.000000	 
2	1	6	0	0	0	34	668	56	8	-1	
3	1	6	1	0	0	34	668	56	8	-1	
4	1	6	1	1	0	34	668	56	8	-1	
5	1	6	1	1	1	34	668	56	8	0.000000	precincts,
2	1	7	0	0	0	217	227	72	11	-1	
3	1	7	1	0	0	217	227	72	11	-1	
4	1	7	1	1	0	217	227	72	11	-1	
5	1	7	1	1	1	217	227	72	11	95.000000	  
2	1	8	0	0	0	289	287	4	3	-1	
3	1	8	1	0	0	289	287	4	3	-1	
4	1	8	1	1	0	289	287	4	3	-1	
5	1	8	1	1	1	289	287	4	3	95.000000	 
2	1	9	0	0	0	327	302	198	11	-1	
3	1	9	1	0	0	327	302	198	11	-1	
4	1	9	1	1	0	327	302	198	11	-1	
5	1	9	1	1	1	327	305	4	6	95.000000	 
5	1	9	1	1	2	503	302	22	11	95.000000	  
2	1	10	0	0	0	174	366	14	2	-1	
3	1	10	1	0	0	174	366	14	2	-1	
4	1	10	1	1	0	174	366	14	2	-1	
5	1	10	1	1	1	174	366	14	2	95.000000	 
2	1	11	0	0	0	120	389	459	2	-1	
3	1	11	1	0	0	120	389	459	2	-1	
4	1	11	1	1	0	120	389	459	2	-1	
5	1	11	1	1	1	120	389	459	2	95.000000	 
2	1	12	0	0	0	120	415	459	2	-1	
3	1	12	1	0	0	120	415	459	2	-1	
4	1	12	1	1	0	120	415	459	2	-1	
5	1	12	1	1	1	120	415	459	2	95.000000	 
2	1	13	0	0	0	120	441	458	1	-1	
3	1	13	1	0	0	120	441	458	1	-1	
4	1	13	1	1	0	120	441	458	1	-1	
5	1	13	1	1	1	120	441	458	1	95.000000	 
2	1	14	0	0	0	120	467	458	1	-1	
3	1	14	1	0	0	120	467	458	1	-1	
4	1	14	1	1	0	120	467	458	1	-1	
5	1	14	1	1	1	120	467	458	1	95.000000	 
2	1	15	0	0	0	120	492	458	1	-1	
3	1	15	1	0	0	120	492	458	1	-1	
4	1	15	1	1	0	120	492	458	1	-1	
5	1	15	1	1	1	120	492	458	1	95.000000	 
2	1	16	0	0	0	120	517	458	1	-1	
3	1	16	1	0	0	120	517	458	1	-1	
4	1	16	1	1	0	120	517	458	1	-1	
5	1	16	1	1	1	120	517	458	1	95.000000	 
2	1	17	0	0	0	120	389	1	155	-1	
3	1	17	1	0	0	120	389	1	155	-1	
4	1	17	1	1	0	120	389	1	155	-1	
5	1	17	1	1	1	120	389	1	155	95.000000	 
2	1	18	0	0	0	327	389	2	155	-1	
3	1	18	1	0	0	327	389	2	155	-1	
4	1	18	1	1	0	327	389	2	155	-1	
5	1	18	1	1	1	327	389	2	155	95.000000	 
2	1	19	0	0	0	479	389	2	155	-1	
3	1	19	1	0	0	479	389	2	155	-1	
4	1	19	1	1	0	479	389	2	155	-1	
5	1	19	1	1	1	479	389	2	155	95.000000	 
2	1	20	0	0	0	577	389	1	155	-1	
3	1	20	1	0	0	577	389	1	155	-1	
4	1	20	1	1	0	577	389	1	155	-1	
5	1	20	1	1	1	577	389	1	155	95.000000	 
2	1	21	0	0	0	120	543	458	1	-1	
3	1	21	1	0	0	120	543	458	1	-1	
4	1	21	1	1	0	120	543	458	1	-1	
5	1	21	1	1	1	120	543	458	1	95.000000	 
2	1	22	0	0	0	1179	174	1	434	-1	
3	1	22	1	0	0	1179	174	1	434	-1	
4	1	22	1	1	0	1179	174	1	434	-1	
5	1	22	1	1	1	1179	174	1	434	95.000000	 
2	1	23	0	0	0	6	9	1189	653	-1	
3	1	23	1	0	0	6	9	1189	653	-1	
4	1	23	1	1	0	6	9	1189	13	-1	
5	1	23	1	1	1	6	13	7	5	0.000000	Y
5	1	23	1	1	2	31	9	45	13	24.173447	Hse
5	1	23	1	1	3	185	12	7	6	85.303001	X
5	1	23	1	1	4	203	9	1	12	80.917313	|
5	1	23	1	1	5	212	0	11	29	46.924511	CO
5	1	23	1	1	6	232	12	96	9	32.619835	Unitleddipynd-Colsb
5	1	23	1	1	7	367	12	6	6	0.000000	—X_|
5	1	23	1	1	8	385	9	21	12	64.986343	CO
5	1	23	1	1	9	413	12	97	9	21.275223	Unitle3ipynb-Colab
5	1	23	1	1	10	548	11	40	8	0.000000	«XCD
5	1	23	1	1	11	595	12	96	9	19.830063	Unttleaipynd-Cola
5	1	23	1	1	12	729	12	6	6	17.955566	x
5	1	23	1	1	13	758	9	9	13	2.296219	—«B
5	1	23	1	1	14	776	0	34	29	44.333702	Untied
5	1	23	1	1	15	811	0	43	29	40.167221	document
5	1	23	1	1	16	857	0	4	29	28.017693	-
5	1	23	1	1	17	863	12	30	9	28.017693	Google!
5	1	23	1	1	18	910	12	7	6	52.236504	x
5	1	23	1	1	19	928	9	1	12	55.808010	|
5	1	23	1	1	20	938	11	8	8	58.860451	+
5	1	23	1	1	21	1008	10	68	11	33.431061	$AskGemini
5	1	23	1	1	22	1093	10	1	11	80.983643	|
5	1	23	1	1	23	1114	14	9	1	28.827011	—
5	1	23	1	1	24	1149	10	9	9	51.380051	9
5	1	23	1	1	25	1186	11	9	8	61.768585	Xx
4	1	23	1	2	0	7	37	1185	25	-1	
5	1	23	1	2	1	7	44	66	10	12.566971	€oe¢
5	1	23	1	2	2	114	37	315	25	17.192268	‘colab,research.google.com/drive/'1A-8FFAPS4bzeyaLkdMkAvZxn
5	1	23	1	2	3	434	37	180	25	6.565781	/aveqSeL#scrollo=VmnP8kbCOVGV
5	1	23	1	2	4	1045	44	12	11	60.319424	*
5	1	23	1	2	5	1086	42	12	13	31.215401	OO
5	1	23	1	2	6	1127	41	65	16	70.682388	SO:
4	1	23	1	3	0	53	80	1137	27	-1	
5	1	23	1	3	1	49	71	10	30	86.354866	©
5	1	23	1	3	2	53	80	114	12	47.285461	Untitled4.ipynb
5	1	23	1	3	3	183	80	13	12	16.554192	%&
5	1	23	1	3	4	204	80	15	11	62.077259	@
5	1	23	1	3	5	990	86	16	15	13.458847	2]
5	1	23	1	3	6	1031	86	16	16	74.861282	&
5	1	23	1	3	7	1078	87	55	13	34.200912	Ase
5	1	23	1	3	8	1164	81	26	26	45.931187	O
4	1	23	1	4	0	53	103	262	11	-1	
5	1	23	1	4	1	53	103	17	9	82.778191	File
5	1	23	1	4	2	83	103	20	9	76.545700	Edit
5	1	23	1	4	3	116	103	24	9	76.545700	View
5	1	23	1	4	4	153	103	30	9	55.715481	Insert
5	1	23	1	4	5	196	103	42	9	55.715481	Runtime
5	1	23	1	4	6	251	103	27	9	77.281013	Tools
5	1	23	1	4	7	292	103	23	11	77.281013	Help
4	1	23	1	5	0	14	129	1172	15	-1	
5	1	23	1	5	1	14	129	9	12	84.531975	Q
5	1	23	1	5	2	31	129	59	12	87.133896	Commands
5	1	23	1	5	3	106	131	8	9	76.315918	+
5	1	23	1	5	4	122	130	27	10	76.315918	Code
5	1	23	1	5	5	162	134	6	3	40.717663	>
5	1	23	1	5	6	184	131	8	9	68.432755	+
5	1	23	1	5	7	200	131	22	9	68.432755	Text
5	1	23	1	5	8	243	131	7	9	42.396896	>
5	1	23	1	5	9	258	130	34	10	84.970589	Runall
5	1	23	1	5	10	305	134	6	3	56.539970	~
5	1	23	1	5	11	1080	132	62	12	50.964943	vm
5	1	23	1	5	12	1178	133	8	5	20.380753	a
4	1	23	1	6	0	56	169	1077	27	-1	
5	1	23	1	6	1	56	176	19	20	7.343834	2°.
5	1	23	1	6	2	94	180	7	15	72.680466	©
5	1	23	1	6	3	120	183	34	10	48.805168	import
5	1	23	1	6	4	162	182	60	8	45.595657	tensorflow
5	1	23	1	6	5	229	184	11	6	87.094177	as
5	1	23	1	6	6	247	182	12	8	54.040062	tf
5	1	23	1	6	7	1076	169	57	12	12.100769	“78
4	1	23	1	7	0	119	197	279	11	-1	
5	1	23	1	7	1	119	197	24	9	73.405289	fron
5	1	23	1	7	2	149	197	140	9	54.677582	tensorflow.keras.models
5	1	23	1	7	3	297	198	34	10	86.611481	inport
5	1	23	1	7	4	338	197	60	11	90.730270	Sequential
4	1	23	1	8	0	11	202	546	31	-1	
5	1	23	1	8	1	11	202	17	31	47.845543	Qa
5	1	23	1	8	2	120	212	23	9	83.473839	fron
5	1	23	1	8	3	149	212	91	13	32.038887	tensorflow.keras.
5	1	23	1	8	4	253	212	36	13	32.038887	layers
5	1	23	1	8	5	296	213	35	10	79.407295	import
5	1	23	1	8	6	338	214	41	9	46.260559	Conv2D,
5	1	23	1	8	7	387	212	77	11	18.838234	MaxPooling2o,
5	1	23	1	8	8	473	212	46	11	83.740265	Flatten,
5	1	23	1	8	9	527	214	30	7	88.965820	Dense
4	1	23	1	9	0	119	222	504	18	-1	
5	1	23	1	9	1	119	227	28	8	0.000000	rode!
5	1	23	1	9	2	156	233	4	1	79.707718	=
5	1	23	1	9	3	168	228	47	10	0.000000	sequentiail
5	1	23	1	9	4	290	228	10	9	61.053452	2
5	1	23	1	9	5	309	227	15	11	30.003082	(3,
5	1	23	1	9	6	333	227	15	11	30.207962	3)e
5	1	23	1	9	7	357	228	65	7	61.247910	activations
5	1	23	1	9	8	430	227	34	10	17.672951	relu"s
5	1	23	1	9	9	473	228	33	10	56.980587	input.
5	1	23	1	9	10	510	211	58	31	56.980587	shape-(64,
5	1	23	1	9	11	576	228	16	9	89.525940	64,
5	1	23	1	9	12	601	227	22	11	47.775795	3)»
4	1	23	1	10	0	14	242	267	12	-1	
5	1	23	1	10	1	14	245	16	9	66.594040	©
5	1	23	1	10	2	167	242	90	11	57.303886	MaxPooLing20(2,
5	1	23	1	10	3	266	242	15	11	90.264824	2),
4	1	23	1	11	0	168	257	59	11	-1	
5	1	23	1	11	1	168	257	59	11	82.127808	Flatten(),
4	1	23	1	12	0	13	273	329	11	-1	
5	1	23	1	12	1	13	275	18	5	45.345123	Ss
5	1	23	1	12	2	168	273	53	10	3.385811	Dense(64,
5	1	23	1	12	3	229	273	113	11	32.690483	activation="relu’),
4	1	23	1	13	0	13	279	348	19	-1	
5	1	23	1	13	1	13	279	18	14	90.319504	2
5	1	23	1	13	2	168	287	46	11	83.908272	Dense(1,
5	1	23	1	13	3	223	287	138	11	13.055275	activation='signoid")])
4	1	23	1	14	0	119	302	480	11	-1	
5	1	23	1	14	1	115	298	38	21	46.138844	model.
5	1	23	1	14	2	156	302	169	11	68.089630	compile(optimizer="adam'
5	1	23	1	14	3	340	302	122	11	0.000000	,loss="binary_crossentropy’
5	1	23	1	14	4	468	298	38	21	89.130882	,metric
5	1	23	1	14	5	529	302	70	11	34.878860	“accuracy"])
4	1	23	1	15	0	13	314	196	15	-1	
5	1	23	1	15	1	13	314	18	10	82.137955	o
5	1	23	1	15	2	115	307	38	27	41.990776	model.
5	1	23	1	15	3	156	307	53	27	76.914963	sunmary()
4	1	23	1	16	0	13	346	1164	15	-1	
5	1	23	1	16	1	13	347	55	14	34.474503	©
5	1	23	1	16	2	74	336	8	29	65.302094	|
5	1	23	1	16	3	92	350	11	3	0.000000	«
5	1	23	1	16	4	118	346	534	11	16.591301	Musr/tocal/1ib/python3.12/dist-packages/keras/src/layers/convolutional/base_conv.py:113:
5	1	23	1	16	5	660	346	71	11	30.955261	Userwarning:
5	1	23	1	16	6	739	347	12	8	87.438828	Oo
5	1	23	1	16	7	758	347	17	8	96.100662	not
5	1	23	1	16	8	782	349	23	8	92.442085	pass
5	1	23	1	16	9	812	349	12	6	92.612946	an
5	1	23	1	16	10	831	336	75	29	0.000000	~input_shape”
5	1	23	1	16	11	910	336	70	29	8.484947	/"input_dim’
5	1	23	1	16	12	989	347	47	10	86.689888	argument
5	1	23	1	16	13	1044	347	11	8	91.462898	to
5	1	23	1	16	14	1062	349	5	6	66.139893	a
5	1	23	1	16	15	1075	346	33	11	92.148964	layer.
5	1	23	1	16	16	1116	346	24	9	80.989510	when
5	1	23	1	16	17	1147	346	30	11	87.682251	using|
4	1	23	1	17	0	118	360	431	22	-1	
5	1	23	1	17	1	118	360	53	22	0.000000	wecuger)
5	1	23	1	17	2	191	360	23	8	10.719711	init
5	1	23	1	17	3	227	347	24	39	10.425987	(oct
5	1	23	1	17	4	253	360	29	11	10.425987	ivy
5	1	23	1	17	5	282	360	205	11	8.728783	repularizersativity
5	1	23	1	17	6	416	347	75	39	35.570686	rgularizer,
5	1	23	1	17	7	496	360	53	11	0.000000	“arg
4	1	23	1	18	0	150	374	83	10	-1	
5	1	23	1	18	1	150	374	83	10	0.000000	sequential”
4	1	23	1	19	0	14	382	15	14	-1	
5	1	23	1	19	1	14	382	15	14	54.818466	B
4	1	23	1	20	0	130	399	439	11	-1	
5	1	23	1	20	1	130	400	30	10	51.495853	Layer
5	1	23	1	20	2	167	399	35	11	81.931152	(type)
5	1	23	1	20	3	337	400	36	10	79.452324	output
5	1	23	1	20	4	380	399	30	11	77.317383	shape
5	1	23	1	20	5	526	400	30	7	62.030006	Param
5	1	23	1	20	6	562	400	7	7	34.376755	#
4	1	23	1	21	0	130	424	438	11	-1	
5	1	23	1	21	1	130	424	36	9	60.548775	convad
5	1	23	1	21	2	174	424	46	11	87.875168	(Conv20)
5	1	23	1	21	3	338	424	34	11	68.716766	(None,
5	1	23	1	21	4	380	426	16	9	92.832497	62,
5	1	23	1	21	5	404	426	16	9	96.713150	62,
5	1	23	1	21	6	429	424	16	11	96.713150	32)
5	1	23	1	21	7	550	426	18	7	61.225765	896
4	1	23	1	22	0	130	450	438	11	-1	
5	1	23	1	22	1	130	450	78	11	44.658623	max_poolingzd
5	1	23	1	22	2	216	442	47	26	26.347641	(!axPool
5	1	23	1	22	3	265	450	34	11	15.431480	ing2D)
5	1	23	1	22	4	338	450	34	10	0.000000	(wone,
5	1	23	1	22	5	380	451	16	9	85.224983	32,
5	1	23	1	22	6	405	451	15	9	90.291740	31,
5	1	23	1	22	7	429	450	16	11	94.493820	32)
5	1	23	1	22	8	562	451	6	7	77.120361	°
4	1	23	1	23	0	130	475	438	11	-1	
5	1	23	1	23	1	130	475	42	8	92.075035	Flatten
5	1	23	1	23	2	180	475	52	11	42.312107	(Flatten)
5	1	23	1	23	3	338	475	34	11	0.000000	(one,
5	1	23	1	23	4	380	475	35	11	77.553192	30752)
5	1	23	1	23	5	562	476	6	7	56.456993	°
4	1	23	1	24	0	130	500	438	11	-1	
5	1	23	1	24	1	130	500	30	9	87.961128	dense
5	1	23	1	24	2	168	500	40	11	87.961128	(Dense)
5	1	23	1	24	3	338	501	34	10	0.000000	(one,
5	1	23	1	24	4	380	500	17	11	51.777073	68)
5	1	23	1	24	5	514	502	54	9	80.249329	1,968,192
4	1	23	1	25	0	130	526	438	11	-1	
5	1	23	1	25	1	130	526	42	11	73.802750	dense_1
5	1	23	1	25	2	180	526	40	11	72.790237	(Dense)
5	1	23	1	25	3	338	526	34	11	44.924526	(one,
5	1	23	1	25	4	380	526	10	11	71.900848	1)
5	1	23	1	25	5	556	527	12	7	29.194382	os
4	1	23	1	26	0	124	551	199	11	-1	
5	1	23	1	26	1	124	551	30	9	94.082314	Total
5	1	23	1	26	2	160	554	41	8	95.748192	params:
5	1	23	1	26	3	210	552	53	9	95.748192	1,969,153
5	1	23	1	26	4	271	551	29	11	62.044716	(7.51
5	1	23	1	26	5	306	551	17	11	62.044716	MB)
4	1	23	1	27	0	124	564	224	11	-1	
5	1	23	1	27	1	124	564	54	8	46.092400	Tradable
5	1	23	1	27	2	185	566	40	9	50.845482	params:
5	1	23	1	27	3	234	565	54	9	0.000000	1,969,159
5	1	23	1	27	4	296	564	28	11	89.277481	(7.51
5	1	23	1	27	5	331	564	17	11	72.300377	#8)
4	1	23	1	28	0	124	576	193	11	-1	
5	1	23	1	28	1	124	576	79	9	82.759941	Non-trainable
5	1	23	1	28	2	209	579	41	8	80.463951	parans:
5	1	23	1	28	3	258	578	6	7	13.333588	0”
5	1	23	1	28	4	271	577	29	10	13.333588	(0.00
5	1	23	1	28	5	307	577	10	10	54.272118	&)
4	1	23	1	29	0	16	607	1167	38	-1	
5	1	23	1	29	1	16	627	14	11	68.291542	©)
5	1	23	1	29	2	38	627	47	9	69.611053	Variables
5	1	23	1	29	3	105	627	14	11	53.603981	6)
5	1	23	1	29	4	127	627	44	9	96.394753	Terminal
5	1	23	1	29	5	583	607	35	38	71.667557	(+)
5	1	23	1	29	6	1039	629	10	8	41.407360	v
5	1	23	1	29	7	1055	628	40	8	21.917686	9S4AM
5	1	23	1	29	8	1104	617	8	27	21.917686	—
5	1	23	1	29	9	1116	627	13	13	23.536079	&
5	1	23	1	29	10	1138	627	45	12	90.155762	Python3
4	1	23	1	30	0	34	655	20	7	-1	
5	1	23	1	30	1	34	655	20	7	53.370255	are
2	1	24	0	0	0	342	648	850	29	-1	
3	1	24	1	0	0	342	648	850	29	-1	
4	1	24	1	1	0	342	648	850	29	-1	
5	1	24	1	1	1	342	652	23	25	45.606350	HB
5	1	24	1	1	2	398	652	38	25	72.922096	Search
5	1	24	1	1	3	507	648	210	29	15.057152	Feaouweee
5	1	24	1	1	4	737	648	124	29	0.000000	Oervue@
5	1	24	1	1	5	950	663	8	5	22.838882	a
5	1	24	1	1	6	974	660	12	12	71.302612	@
5	1	24	1	1	7	1000	659	11	13	18.021210	&
5	1	24	1	1	8	1026	655	166	20	37.479507	em
5	1	24	1	1	9	1147	651	49	26	20.074730	is
